t,fz1,fz2
0.04,0.1983642578125,0.0457763671875
0.08,0.152587890625,-0.06103515625
0.12,0.1220703125,-0.0152587890625
0.16,0.1678466796875,-0.0152587890625
0.2,0.18310546875,-0.0457763671875
0.24,0.18310546875,-0.091552734375
0.28,0.2593994140625,-0.0762939453125
0.32,0.30517578125,-0.0152587890625
0.36,0.3204345703125,-0.1220703125
0.4,0.3814697265625,-0.18310546875
0.44,0.335693359375,-0.1220703125
0.48,0.396728515625,0.18310546875
0.52,0.3814697265625,0.1678466796875
0.56,0.5645751953125,-0.18310546875
0.6,0.579833984375,-0.091552734375
0.64,0.5340576171875,-0.0762939453125
0.68,0.5950927734375,-0.0457763671875
0.72,0.5340576171875,-0.030517578125
0.76,0.518798828125,0.1068115234375
0.8,0.732421875,-0.030517578125
0.84,0.8544921875,-0.274658203125
0.88,0.7171630859375,0.091552734375
0.92,0.7781982421875,-0.0762939453125
0.96,0.8087158203125,-0.18310546875
1.0,0.9002685546875,0.2593994140625
1.04,0.9307861328125,-0.06103515625
1.08,1.0528564453125,-0.1068115234375
1.12,1.0986328125,0.1373291015625
1.16,1.15966796875,0.2899169921875
1.2,1.0833740234375,-0.1678466796875
1.24,0.946044921875,0.030517578125
1.28,0.8697509765625,0.030517578125
1.32,0.9918212890625,-0.091552734375
1.36,0.9918212890625,0.1068115234375
1.4000000000000001,0.8087158203125,0.0152587890625
1.44,0.9765625,-0.1220703125
1.48,1.15966796875,0.0152587890625
1.52,1.190185546875,-0.213623046875
1.56,1.03759765625,0.1220703125
1.6,0.9613037109375,-0.1373291015625
1.6400000000000001,0.9002685546875,0.2288818359375
1.68,0.762939453125,-0.091552734375
1.72,1.0223388671875,0.1373291015625
1.76,1.0986328125,-0.0457763671875
1.8,1.373291015625,-0.1068115234375
1.84,1.3275146484375,-0.030517578125
1.8800000000000001,1.2054443359375,-0.030517578125
1.92,1.46484375,-0.0152587890625
1.96,1.4039306640625,-0.091552734375
2.0,1.1138916015625,-0.213623046875
2.04,1.2054443359375,-0.1068115234375
2.08,1.23583984375,-0.06103515625
2.12,1.28173828125,-0.0152587890625
2.16,1.28173828125,-0.0457763671875
2.2,1.3275146484375,-0.0
2.24,1.40380859375,0.0457763671875
2.2800000000000002,1.46484375,0.1068115234375
2.32,1.4190673828125,0.030517578125
2.36,1.52587890625,0.030517578125
2.4,1.3427734375,-0.0
2.44,1.556396484375,0.0762939453125
2.48,1.373291015625,-0.0152587890625
2.52,1.312255859375,0.091552734375
2.56,1.312255859375,0.1678466796875
2.6,1.556396484375,0.335693359375
2.64,1.9073486328125,0.54931640625
2.68,2.2125244140625,0.67138671875
2.72,2.532958984375,0.9002685546875
2.7600000000000002,2.532958984375,1.2054443359375
2.8000000000000003,2.9296875,1.3885498046875
2.84,3.1585693359375,1.922607421875
2.88,3.7078857421875,2.197265625
2.92,4.180908203125,2.838134765625
2.96,4.608154296875,3.2196044921875
3.0,5.37109375,3.72314453125
3.04,5.584716796875,4.1046142578125
3.08,5.8441162109375,4.6234130859375
3.12,6.1187744140625,4.791259765625
3.16,6.3629150390625,4.974365234375
3.2,6.3323974609375,5.157470703125
3.24,6.3323974609375,5.0201416015625
3.2800000000000002,6.439208984375,5.2032470703125
3.3200000000000003,6.4697265625,5.1422119140625
3.36,6.3629150390625,5.096435546875
3.4,6.256103515625,4.974365234375
3.44,6.0882568359375,4.7760009765625
3.48,5.706787109375,4.6539306640625
3.52,5.706787109375,4.2572021484375
3.56,5.4473876953125,4.1961669921875
3.6,5.06591796875,3.84521484375
3.64,5.126953125,3.84521484375
3.68,4.8828125,3.5858154296875
3.72,4.8065185546875,3.4637451171875
3.7600000000000002,4.82177734375,3.5858154296875
3.8000000000000003,5.035400390625,3.9215087890625
3.84,5.401611328125,3.9215087890625
3.88,5.4779052734375,4.2266845703125
3.92,5.6304931640625,4.3792724609375
3.96,5.859375,4.5318603515625
4.0,5.8135986328125,4.57763671875
4.04,5.8135986328125,4.6539306640625
4.08,5.706787109375,4.8065185546875
4.12,5.706787109375,4.7149658203125
4.16,5.5389404296875,4.791259765625
4.2,5.31005859375,4.547119140625
4.24,5.2947998046875,4.4708251953125
4.28,5.096435546875,4.5013427734375
4.32,5.0506591796875,4.57763671875
4.36,4.9591064453125,4.5013427734375
4.4,4.94384765625,4.21142578125
4.4399999999999995,4.9285888671875,4.45556640625
4.48,4.791259765625,4.4708251953125
4.52,4.9896240234375,4.39453125
4.56,4.8828125,4.45556640625
4.6,4.7760009765625,4.4403076171875
4.64,4.913330078125,4.4708251953125
4.68,4.852294921875,4.8370361328125
4.72,4.791259765625,4.7760009765625
4.76,5.0201416015625,5.2337646484375
4.8,4.8370361328125,5.126953125
4.84,5.0506591796875,5.2642822265625
4.88,5.4473876953125,5.157470703125
4.92,5.4779052734375,5.5389404296875
4.96,5.4168701171875,5.2032470703125
5.0,4.974365234375,5.0506591796875
5.04,5.0506591796875,5.2947998046875
5.08,5.3253173828125,4.8675537109375
5.12,5.462646484375,4.7454833984375
5.16,4.9896240234375,4.638671875
5.2,4.39453125,5.1116943359375
5.24,5.1116943359375,4.6844482421875
5.28,5.0201416015625,4.5318603515625
5.32,4.9591064453125,4.547119140625
5.36,5.157470703125,5.0506591796875
5.4,4.6539306640625,5.218505859375
5.4399999999999995,4.638671875,5.3863525390625
5.48,4.45556640625,5.340576171875
5.52,5.2032470703125,5.584716796875
5.5600000000000005,5.151611328125,5.157470703125
5.6,5.7373046875,4.791259765625
5.64,5.462646484375,4.57763671875
5.68,5.3558349609375,4.69970703125
5.72,4.5928955078125,4.425048828125
5.76,5.1422119140625,5.18798828125
5.8,4.82177734375,4.9285888671875
5.84,4.974365234375,5.0201416015625
5.88,5.2490234375,4.8065185546875
5.92,5.462646484375,4.0130615234375
5.96,5.8135986328125,4.180908203125
6.0,5.2947998046875,5.3253173828125
6.04,4.852294921875,5.8135986328125
6.08,4.730224609375,5.37109375
6.12,4.974365234375,5.157470703125
6.16,5.4931640625,4.852294921875
6.2,4.69970703125,4.8828125
6.24,4.7607421875,4.94384765625
6.279999999999999,4.7760009765625,4.608154296875
6.32,5.2490234375,4.8675537109375
6.359999999999999,4.913330078125,4.5623779296875
6.4,5.0048828125,4.1961669921875
6.4399999999999995,4.9896240234375,4.3792724609375
6.48,4.913330078125,4.2572021484375
6.52,4.852294921875,4.5623779296875
6.5600000000000005,5.096435546875,4.45556640625
6.6,5.126953125,4.5318603515625
6.640000000000001,4.7607421875,5.3253173828125
6.68,4.6844482421875,5.3558349609375
6.720000000000001,5.5084228515625,4.730224609375
6.76,5.67626953125,4.608154296875
6.8,5.157470703125,5.462646484375
6.84,5.096435546875,5.6610107421875
6.88,5.4931640625,5.523681640625
6.92,5.126953125,5.584716796875
6.96,5.401611328125,5.4168701171875
7.0,4.7454833984375,5.0811767578125
7.04,4.913330078125,5.5999755859375
7.08,4.5166015625,5.340576171875
7.12,4.3792724609375,4.8675537109375
7.16,4.2572021484375,4.8065185546875
7.2,4.425048828125,4.974365234375
7.24,4.302978515625,5.0506591796875
7.28,3.72314453125,5.0201416015625
7.32,4.94384765625,4.486083984375
7.359999999999999,5.035400390625,4.150390625
7.4,4.9896240234375,4.57763671875
7.4399999999999995,5.1116943359375,4.5623779296875
7.48,5.035400390625,4.9591064453125
7.52,5.2642822265625,4.94384765625
7.5600000000000005,5.0201416015625,5.2032470703125
7.6,5.1116943359375,5.767822265625
7.640000000000001,5.035400390625,5.8135986328125
7.68,5.6304931640625,5.157470703125
7.720000000000001,5.9814453125,5.218505859375
7.76,5.3863525390625,4.4708251953125
7.8,5.37109375,5.1727294921875
7.84,5.06591796875,5.18798828125
7.88,5.157470703125,4.669189453125
7.92,5.340576171875,5.035400390625
7.96,4.6844482421875,4.6234130859375
8.0,4.6539306640625,4.8675537109375
8.04,4.94384765625,4.69970703125
8.08,4.5623779296875,5.279541015625
8.120000000000001,4.69970703125,4.913330078125
8.16,4.9591064453125,4.730224609375
8.2,4.94384765625,4.69970703125
8.24,5.035400390625,4.7607421875
8.280000000000001,5.2642822265625,5.0811767578125
8.32,5.6304931640625,4.94384765625
8.36,5.523681640625,4.8828125
8.4,5.218505859375,5.3253173828125
8.440000000000001,5.43212890625,5.2032470703125
8.48,5.2337646484375,5.340576171875
8.52,5.2337646484375,5.615234375
8.56,4.9591064453125,5.0048828125
8.6,5.0506591796875,4.9591064453125
8.64,4.852294921875,4.9285888671875
8.68,4.94384765625,4.82177734375
8.719999999999999,4.5928955078125,5.035400390625
8.76,4.8828125,4.7149658203125
8.8,5.06591796875,4.5928955078125
8.84,4.6844482421875,4.5318603515625
8.879999999999999,4.5166015625,4.8065185546875
8.92,4.608154296875,4.669189453125
8.96,4.791259765625,4.7454833984375
9.0,4.8065185546875,4.8370361328125
9.04,5.06591796875,4.9285888671875
9.08,5.3558349609375,5.0048828125
9.120000000000001,5.096435546875,5.3253173828125
9.16,4.9591064453125,5.1116943359375
9.2,5.3558349609375,5.18798828125
9.24,5.889892578125,5.5084228515625
9.280000000000001,5.615234375,5.7373046875
9.32,5.0811767578125,5.462646484375
9.36,5.462646484375,4.8675537109375
9.4,5.1116943359375,4.9285888671875
9.440000000000001,4.974365234375,4.8675537109375
9.48,5.3863525390625,4.69970703125
9.52,5.279541015625,5.035400390625
9.56,4.791259765625,5.1727294921875
9.6,5.2947998046875,4.8828125
9.64,4.7149658203125,5.0811767578125
9.68,5.06591796875,4.7760009765625
9.719999999999999,5.1422119140625,4.547119140625
9.76,4.4097900390625,4.9896240234375
9.8,5.126953125,4.180908203125
9.84,4.82177734375,4.425048828125
9.879999999999999,4.94384765625,4.3487548828125
9.92,4.7454833984375,5.2032470703125
9.96,5.7220458984375,5.2490234375
10.0,5.401611328125,5.43212890625
10.04,5.615234375,5.157470703125
10.08,5.3558349609375,5.157470703125
10.120000000000001,5.4473876953125,5.2032470703125
10.16,5.37109375,5.3253173828125
10.2,5.4779052734375,5.0811767578125
10.24,5.0811767578125,4.6844482421875
10.280000000000001,4.8675537109375,4.8065185546875
10.32,5.615234375,4.730224609375
10.36,5.2642822265625,4.69970703125
10.4,4.913330078125,5.06591796875
10.440000000000001,4.913330078125,5.0048828125
10.48,4.7607421875,4.7454833984375
10.52,4.8370361328125,4.5928955078125
10.56,4.5928955078125,4.4097900390625
10.600000000000001,4.9896240234375,4.9896240234375
10.64,4.3182373046875,4.33349609375
10.68,4.302978515625,4.9896240234375
10.719999999999999,5.1116943359375,4.638671875
10.76,5.06591796875,5.401611328125
10.8,5.279541015625,5.18798828125
10.84,5.37109375,5.401611328125
10.879999999999999,5.1422119140625,5.2337646484375
10.92,5.523681640625,5.2947998046875
10.96,5.462646484375,5.31005859375
11.0,4.974365234375,4.7607421875
11.04,4.94384765625,4.8675537109375
11.08,4.4097900390625,5.0048828125
11.120000000000001,4.9896240234375,4.8065185546875
11.16,4.364013671875,4.486083984375
11.2,4.57763671875,4.4708251953125
11.24,4.8828125,4.2572021484375
11.280000000000001,4.6234130859375,4.9591064453125
11.32,5.31005859375,4.6844482421875
11.36,5.218505859375,5.3558349609375
11.4,5.31005859375,5.2642822265625
11.440000000000001,5.37109375,5.4931640625
11.48,4.974365234375,5.55419921875
11.52,5.4168701171875,5.2337646484375
11.56,5.0048828125,5.5389404296875
11.600000000000001,5.157470703125,5.0201416015625
11.64,4.974365234375,5.31005859375
11.68,4.8065185546875,5.279541015625
11.719999999999999,5.2337646484375,4.9896240234375
11.76,5.0048828125,4.9591064453125
11.8,4.8828125,4.82177734375
11.84,4.6234130859375,5.06591796875
11.879999999999999,5.279541015625,4.7760009765625
11.92,5.035400390625,5.279541015625
11.96,4.8828125,5.4168701171875
12.0,5.3863525390625,4.7149658203125
12.04,5.1116943359375,5.279541015625
12.080000000000002,4.7454833984375,5.0506591796875
12.120000000000001,5.126953125,4.8828125
12.16,4.9285888671875,4.608154296875
12.2,4.6844482421875,5.0811767578125
12.239999999999998,4.791259765625,4.4708251953125
12.280000000000001,4.974365234375,4.6539306640625
12.32,4.913330078125,4.69970703125
12.36,4.9285888671875,5.096435546875
12.399999999999999,5.1727294921875,5.18798828125
12.440000000000001,5.2947998046875,4.8828125
12.48,4.608154296875,5.3863525390625
12.52,5.18798828125,4.5928955078125
12.559999999999999,4.913330078125,4.8828125
12.600000000000001,5.0811767578125,5.18798828125
12.64,5.2947998046875,4.9896240234375
12.68,4.7760009765625,5.0201416015625
12.719999999999999,4.7149658203125,5.0811767578125
12.760000000000002,4.82177734375,4.6539306640625
12.8,4.5166015625,4.7149658203125
12.84,5.2032470703125,4.5928955078125
12.879999999999999,4.69970703125,5.1422119140625
12.920000000000002,5.1727294921875,5.1116943359375
12.96,5.523681640625,4.9285888671875
13.0,5.035400390625,5.0506591796875
13.04,5.5694580078125,4.6844482421875
13.080000000000002,4.9591064453125,5.218505859375
13.120000000000001,4.730224609375,4.852294921875
13.16,5.0506591796875,4.82177734375
13.2,4.364013671875,4.608154296875
13.239999999999998,4.5166015625,4.3792724609375
13.280000000000001,4.8370361328125,4.638671875
13.32,4.3182373046875,5.2337646484375
13.36,5.0048828125,5.035400390625
13.399999999999999,5.157470703125,5.218505859375
13.440000000000001,5.06591796875,5.1727294921875
13.48,5.401611328125,5.2337646484375
13.52,5.43212890625,5.2490234375
13.559999999999999,5.31005859375,5.3863525390625
13.600000000000001,5.2642822265625,5.035400390625
13.64,5.8135986328125,4.7607421875
13.68,4.852294921875,5.6915283203125
13.719999999999999,5.67626953125,5.4168701171875
13.760000000000002,5.4779052734375,6.439208984375
13.8,5.1116943359375,5.6304931640625
13.84,5.1116943359375,5.035400390625
13.879999999999999,4.8370361328125,5.1422119140625
13.920000000000002,4.730224609375,4.486083984375
13.96,4.57763671875,4.547119140625
14.0,4.547119140625,4.241943359375
14.04,4.3487548828125,4.1961669921875
14.080000000000002,4.3487548828125,4.4097900390625
14.120000000000001,4.547119140625,4.1961669921875
14.16,4.3792724609375,4.547119140625
14.2,4.57763671875,5.035400390625
14.239999999999998,5.2947998046875,4.5013427734375
14.280000000000001,5.4779052734375,4.669189453125
14.32,5.2947998046875,5.2947998046875
14.36,5.584716796875,5.18798828125
14.399999999999999,5.92041015625,5.7373046875
14.440000000000001,5.859375,5.6915283203125
14.48,5.767822265625,5.4473876953125
14.52,5.6915283203125,5.55419921875
14.559999999999999,5.7373046875,5.5084228515625
14.600000000000001,5.340576171875,5.2642822265625
14.64,5.4168701171875,4.8828125
14.68,4.730224609375,5.1116943359375
14.719999999999999,4.57763671875,4.791259765625
14.760000000000002,4.4403076171875,4.5166015625
14.8,4.4708251953125,4.150390625
14.84,4.1961669921875,4.058837890625
14.879999999999999,4.6539306640625,4.33349609375
14.920000000000002,5.06591796875,4.608154296875
14.96,5.401611328125,4.8675537109375
15.0,5.2337646484375,5.5694580078125
15.04,5.2947998046875,5.5999755859375
15.080000000000002,5.5694580078125,5.6304931640625
15.120000000000001,5.5694580078125,5.2490234375
15.16,5.645751953125,5.523681640625
15.2,5.7830810546875,5.67626953125
15.239999999999998,4.9896240234375,5.462646484375
15.280000000000001,5.4779052734375,5.279541015625
15.32,5.7373046875,5.279541015625
15.36,5.462646484375,4.9591064453125
15.399999999999999,4.638671875,5.2337646484375
15.440000000000001,4.4097900390625,4.8370361328125
15.48,4.9591064453125,4.0435791015625
15.52,4.8065185546875,4.0435791015625
15.559999999999999,4.8828125,4.3792724609375
15.600000000000001,4.57763671875,4.638671875
15.64,4.730224609375,4.7454833984375
15.68,4.8980712890625,4.974365234375
15.719999999999999,4.8980712890625,4.8675537109375
15.760000000000002,5.2947998046875,4.8980712890625
15.8,5.0506591796875,4.8828125
15.84,5.4473876953125,5.157470703125
15.879999999999999,5.3863525390625,5.218505859375
15.920000000000002,5.6610107421875,5.18798828125
15.96,5.79833984375,5.645751953125
16.0,5.218505859375,5.767822265625
16.04,4.791259765625,5.340576171875
16.080000000000002,4.5318603515625,4.974365234375
16.12,4.486083984375,4.8675537109375
16.16,4.5013427734375,4.69970703125
16.2,4.6995849609375,4.2877197265625
16.240000000000002,4.608154296875,4.4097900390625
16.28,4.8065185546875,4.730224609375
16.32,4.9896240234375,4.57763671875
16.36,5.1727294921875,4.852294921875
16.4,5.523681640625,5.0201416015625
16.44,5.615234375,5.0201416015625
16.48,5.706787109375,5.035400390625
16.52,5.9661865234375,5.4168701171875
16.56,5.5084228515625,5.7525634765625
16.6,5.401611328125,5.4473876953125
16.64,5.4473876953125,5.401611328125
16.68,4.913330078125,5.0811767578125
16.72,4.6539306640625,5.035400390625
16.76,4.974365234375,4.8675537109375
16.8,4.5928955078125,4.69970703125
16.84,4.913330078125,4.974365234375
16.88,5.0506591796875,4.6539306640625
16.92,5.0201416015625,5.0048828125
16.96,5.4779052734375,5.0811767578125
17.0,5.31005859375,5.2493896484375
17.04,5.2337646484375,5.157470703125
17.080000000000002,5.3558349609375,5.2032470703125
17.12,5.06591796875,5.18798828125
17.16,5.0811767578125,5.096435546875
17.2,5.462646484375,5.035400390625
17.240000000000002,5.2490234375,5.096435546875
17.28,5.2642822265625,5.0506591796875
17.32,5.4779052734375,5.2032470703125
17.36,5.6304931640625,4.94384765625
17.4,5.4168701171875,5.0201416015625
17.44,5.340576171875,5.2642822265625
17.48,5.523681640625,5.2642822265625
17.52,5.18798828125,5.3863525390625
17.56,5.096435546875,5.0201416015625
17.6,4.9591064453125,4.82177734375
17.64,4.5928955078125,5.126953125
17.68,4.69970703125,5.1727294921875
17.72,4.57763671875,5.0811767578125
17.76,4.791259765625,4.8065185546875
17.8,4.8370361328125,4.9285888671875
17.84,5.584716796875,5.157470703125
17.88,5.2337646484375,4.9285888671875
17.92,5.218505859375,4.8828125
17.96,5.3558349609375,4.9591064453125
18.0,5.4779052734375,5.2337646484375
18.04,5.157470703125,5.6915283203125
18.080000000000002,5.2032470703125,5.340576171875
18.12,5.035400390625,5.1422119140625
18.16,5.18798828125,5.4168701171875
18.2,4.9896240234375,5.279541015625
18.240000000000002,5.0201416015625,4.8980712890625
18.28,5.096435546875,5.035400390625
18.32,4.9896240234375,4.8675537109375
18.36,5.035400390625,4.669189453125
18.4,5.126953125,4.8675537109375
18.44,4.7607421875,4.7454833984375
18.48,4.5318603515625,4.791259765625
18.52,5.035400390625,4.730224609375
18.56,4.7149658203125,4.57763671875
18.6,4.6844482421875,4.7607421875
18.64,5.1422119140625,4.7607421875
18.68,5.0201416015625,4.94384765625
18.72,5.279541015625,5.035400390625
18.76,5.584716796875,5.31005859375
18.8,6.0577392578125,5.2947998046875
18.84,5.950927734375,5.2947998046875
18.88,5.5389404296875,5.218505859375
18.92,5.6915283203125,5.2947998046875
18.96,5.7373046875,5.340576171875
19.0,5.6915283203125,5.340576171875
19.04,5.462646484375,5.218505859375
19.080000000000002,5.5084228515625,5.340576171875
19.12,5.2947998046875,5.4779052734375
19.16,5.0048828125,5.3253173828125
19.2,5.06591796875,5.2032470703125
19.240000000000002,4.669189453125,4.669189453125
19.28,5.1727294921875,4.7454833984375
19.32,4.8980712890625,4.5623779296875
19.36,4.82177734375,4.669189453125
19.4,4.94384765625,4.4097900390625
19.44,4.425048828125,4.3182373046875
19.48,4.5013427734375,4.33349609375
19.52,4.608154296875,4.364013671875
19.56,4.6234130859375,4.3792724609375
19.6,4.730224609375,4.547119140625
19.64,4.6539306640625,4.69970703125
19.68,4.9591064453125,4.913330078125
19.72,4.8828125,5.0506591796875
19.76,5.55419921875,5.31005859375
19.8,5.6915283203125,5.615234375
19.84,5.615234375,5.584716796875
19.88,5.767822265625,5.8135986328125
19.92,5.9051513671875,6.0882568359375
19.96,6.011962890625,5.5694580078125
20.0,5.5084228515625,5.31005859375
20.040000000000003,5.5389404296875,4.94384765625
20.080000000000002,5.5694580078125,5.1727294921875
20.12,5.1727294921875,5.0201416015625
20.16,5.0201416015625,5.3558349609375
20.200000000000003,4.8675537109375,5.1116943359375
20.240000000000002,5.157470703125,4.638671875
20.28,4.82177734375,4.8370361328125
20.32,4.8828125,4.8828125
20.36,5.2642822265625,4.94384765625
20.400000000000002,5.1116943359375,4.6539306640625
20.44,5.157470703125,4.8828125
20.48,5.3253173828125,5.1422119140625
20.52,5.3863525390625,5.0506591796875
20.560000000000002,5.43212890625,5.1422119140625
20.6,5.2490234375,5.2337646484375
20.64,5.218505859375,5.0201416015625
20.68,5.2032470703125,4.6539306640625
20.720000000000002,4.9591064453125,4.9896240234375
20.76,5.34033203125,5.2337646484375
20.8,5.8135986328125,5.3558349609375
20.84,5.3558349609375,5.37109375
20.880000000000003,5.401611328125,5.4168701171875
20.92,5.5694580078125,5.37109375
20.96,5.035400390625,5.0201416015625
21.0,5.2032470703125,5.1422119140625
21.040000000000003,5.3253173828125,4.913330078125
21.080000000000002,5.157470703125,4.8065185546875
21.12,5.18798828125,4.9591064453125
21.16,5.0506591796875,4.94384765625
21.200000000000003,5.5389404296875,5.035400390625
21.240000000000002,5.4168701171875,5.0811767578125
21.28,5.18798828125,5.1727294921875
21.32,4.8675537109375,5.0506591796875
21.360000000000003,4.8675537109375,5.0506591796875
21.400000000000002,4.974365234375,5.0506591796875
21.44,5.1727294921875,5.18798828125
21.48,4.7607421875,4.8065185546875
21.52,4.9285888671875,4.7149658203125
21.560000000000002,5.157470703125,4.82177734375
21.6,5.126953125,5.0048828125
21.64,5.2642822265625,5.06591796875
21.68,4.974365234375,5.2337646484375
21.720000000000002,5.37109375,5.401611328125
21.76,5.18798828125,5.2642822265625
21.8,5.1422119140625,5.2490234375
21.84,4.852294921875,5.06591796875
21.880000000000003,5.0506591796875,4.7607421875
21.92,5.1116943359375,4.69970703125
21.96,5.37109375,4.82177734375
22.0,4.852294921875,5.0201416015625
22.040000000000003,5.0201416015625,4.94384765625
22.080000000000002,5.0201416015625,5.0048828125
22.12,5.06591796875,5.2947998046875
22.16,4.791259765625,5.035400390625
22.200000000000003,5.06591796875,5.218505859375
22.240000000000002,5.4168701171875,5.401611328125
22.28,5.31005859375,5.31005859375
22.32,5.645751953125,5.06591796875
22.360000000000003,5.6304931640625,5.2947998046875
22.400000000000002,5.584716796875,5.3558349609375
22.44,5.279541015625,5.4473876953125
22.48,5.2337646484375,5.3863525390625
22.52,5.126953125,5.035400390625
22.560000000000002,4.8980712890625,5.1116943359375
22.6,5.67626953125,5.584716796875
22.64,4.974365234375,4.791259765625
22.68,5.18798828125,4.7454833984375
22.720000000000002,4.9591064453125,4.6234130859375
22.76,5.218505859375,5.06591796875
22.8,5.096435546875,5.0811767578125
22.84,4.638671875,4.7607421875
22.880000000000003,4.69970703125,4.9591064453125
22.92,5.06591796875,4.9591064453125
22.96,4.8980712890625,4.974365234375
23.0,4.974365234375,5.2947998046875
23.040000000000003,4.5013427734375,5.1727294921875
23.080000000000002,4.8828125,5.1422119140625
23.12,4.82177734375,5.035400390625
23.16,4.638671875,4.8980712890625
23.200000000000003,4.45556640625,4.6539306640625
23.240000000000002,4.6234130859375,5.1727294921875
23.28,4.7149658203125,5.401611328125
23.32,5.218505859375,5.4931640625
23.360000000000003,5.6915283203125,5.8441162109375
23.400000000000002,5.67626953125,5.950927734375
23.44,5.9356689453125,6.1798095703125
23.48,5.645751953125,5.859375
23.52,5.5999755859375,6.0577392578125
23.560000000000002,5.401611328125,5.6610107421875
23.6,5.2032470703125,5.2032470703125
23.64,4.608154296875,4.57763671875
23.68,4.3487548828125,4.5318603515625
23.720000000000002,4.5928955078125,4.6234130859375
23.76,4.21142578125,4.364013671875
23.8,4.39453125,4.608154296875
23.84,4.2266845703125,4.425048828125
23.880000000000003,4.5623779296875,4.82177734375
23.92,4.82177734375,4.7607421875
23.96,4.9896240234375,4.791259765625
24.0,5.218505859375,5.06591796875
24.040000000000003,5.401611328125,5.157470703125
24.080000000000002,5.523681640625,5.2642822265625
24.12,5.706787109375,5.462646484375
24.16,5.7373046875,5.5999755859375
24.200000000000003,5.157470703125,5.43212890625
24.240000000000002,5.1116943359375,5.523681640625
24.28,4.8675537109375,4.974365234375
24.32,4.69970703125,4.9591064453125
24.360000000000003,4.852294921875,5.157470703125
24.400000000000002,4.8980712890625,4.8370361328125
24.44,5.1116943359375,4.8370361328125
24.48,5.279541015625,4.974365234375
24.52,5.4473876953125,5.2032470703125
24.560000000000002,5.4168701171875,4.9896240234375
24.6,5.0506591796875,4.6539306640625
24.64,5.2490234375,4.9591064453125
24.68,5.340576171875,5.43212890625
24.720000000000002,5.43212890625,5.1116943359375
24.76,5.2337646484375,5.157470703125
24.8,5.55419921875,5.2947998046875
24.84,5.126953125,5.1422119140625
24.880000000000003,5.1727294921875,4.9591064453125
24.92,5.157470703125,5.0506591796875
24.96,5.06591796875,5.43212890625
25.0,5.3253173828125,5.43212890625
25.040000000000003,5.462646484375,5.218505859375
25.080000000000002,5.218505859375,5.0201416015625
25.12,4.94384765625,4.8675537109375
25.16,5.340576171875,5.401611328125
25.200000000000003,5.4473876953125,5.06591796875
25.240000000000002,5.126953125,5.157470703125
25.28,5.3253173828125,5.7525634765625
25.32,5.4168701171875,5.7525634765625
25.360000000000003,5.584716796875,5.6610107421875
25.400000000000002,5.401611328125,5.79833984375
25.44,5.615234375,5.5694580078125
25.48,5.5084228515625,5.6610107421875
25.52,5.4168701171875,5.279541015625
25.560000000000002,5.0506591796875,5.4931640625
25.6,5.126953125,5.279541015625
25.64,4.8980712890625,5.1727294921875
25.68,5.1116943359375,4.8065185546875
25.720000000000002,5.18798828125,4.94384765625
25.76,4.6234130859375,4.82177734375
25.8,4.791259765625,4.9285888671875
25.84,4.8828125,4.9591064453125
25.880000000000003,4.7454833984375,4.608154296875
25.92,4.791259765625,5.035400390625
25.96,4.6539306640625,5.401611328125
26.0,4.94384765625,5.1727294921875
26.040000000000003,5.06591796875,5.0506591796875
26.080000000000002,5.126953125,4.974365234375
26.12,5.0811767578125,4.8675537109375
26.16,5.1422119140625,5.340576171875
26.200000000000003,5.5389404296875,5.1727294921875
26.240000000000002,5.55419921875,4.974365234375
26.28,5.584716796875,5.2337646484375
26.32,5.340576171875,4.94384765625
26.360000000000003,5.67626953125,5.2337646484375
26.400000000000002,5.31005859375,5.340576171875
26.44,5.4779052734375,5.4473876953125
26.48,5.2947998046875,5.43212890625
26.52,5.584716796875,5.767822265625
26.560000000000002,4.8980712890625,5.2337646484375
26.6,5.2947998046875,5.43212890625
26.64,4.791259765625,4.8980712890625
26.68,5.0201416015625,5.279541015625
26.720000000000002,4.8828125,4.8828125
26.76,5.18798828125,4.9591064453125
26.8,5.279541015625,5.2490234375
26.84,5.8135986328125,5.2490234375
26.880000000000003,5.3558349609375,5.31005859375
26.92,5.462646484375,4.9896240234375
26.96,5.7525634765625,5.31005859375
27.0,5.584716796875,4.9896240234375
27.040000000000003,5.5084228515625,5.0811767578125
27.080000000000002,5.2490234375,5.1727294921875
27.12,5.43212890625,5.0506591796875
27.16,5.0048828125,4.9896240234375
27.200000000000003,5.2490234375,4.6844482421875
27.240000000000002,4.7607421875,4.669189453125
27.28,4.150390625,4.6234130859375
27.32,4.791259765625,4.669189453125
27.360000000000003,4.3182373046875,4.94384765625
27.400000000000002,4.638671875,5.0506591796875
27.44,4.7607421875,4.9591064453125
27.48,4.69970703125,5.3558349609375
27.52,5.3863525390625,5.4473876953125
27.560000000000002,5.706787109375,5.55419921875
27.6,5.4473876953125,5.5084228515625
27.64,5.889892578125,5.6915283203125
27.68,5.4779052734375,5.767822265625
27.720000000000002,5.5389404296875,5.401611328125
27.76,5.2642822265625,5.43212890625
27.8,5.2947998046875,5.2032470703125
27.84,4.8828125,5.218505859375
27.880000000000003,4.5623779296875,4.8065185546875
27.92,4.3792724609375,4.638671875
27.96,4.4097900390625,4.6844482421875
28.0,4.180908203125,4.8370361328125
28.040000000000003,4.486083984375,4.8370361328125
28.080000000000002,4.6234130859375,5.0811767578125
28.12,4.82177734375,5.06591796875
28.16,5.218505859375,5.218505859375
28.200000000000003,5.5084228515625,5.5389404296875
28.240000000000002,5.2032470703125,5.615234375
28.28,5.43212890625,5.340576171875
28.32,5.157470703125,5.55419921875
28.360000000000003,5.5694580078125,5.4931640625
28.400000000000002,5.4168701171875,5.584716796875
28.44,5.523681640625,5.2947998046875
28.48,5.584716796875,5.4168701171875
28.520000000000003,5.706787109375,5.5999755859375
28.560000000000002,5.4473876953125,5.5084228515625
28.6,5.126953125,5.2032470703125
28.64,4.7454833984375,5.55419921875
28.68,4.8675537109375,5.3558349609375
28.720000000000002,5.1116943359375,5.279541015625
28.76,5.0811767578125,5.1422119140625
28.8,5.0811767578125,5.584716796875
28.84,4.852294921875,5.462646484375
28.880000000000003,4.8828125,5.0201416015625
28.92,4.9896240234375,4.7454833984375
28.96,4.82177734375,4.791259765625
29.0,4.669189453125,4.8675537109375
29.040000000000003,5.0506591796875,4.9285888671875
29.080000000000002,4.8370361328125,5.0811767578125
29.12,5.0506591796875,4.974365234375
29.16,5.218505859375,5.279541015625
29.200000000000003,5.5694580078125,5.5084228515625
29.240000000000002,5.5694580078125,5.3253173828125
29.28,5.340576171875,5.0506591796875
29.32,5.2642822265625,5.18798828125
29.360000000000003,5.1422119140625,4.852294921875
29.400000000000002,4.7149658203125,4.730224609375
29.44,4.913330078125,4.9896240234375
29.48,5.0048828125,5.1116943359375
29.520000000000003,4.8980712890625,5.279541015625
29.560000000000002,5.2642822265625,5.0201416015625
29.6,5.4473876953125,5.340576171875
29.64,5.5999755859375,5.3558349609375
29.68,5.6610107421875,5.8746337890625
29.720000000000002,5.767822265625,5.8135986328125
29.76,5.7525634765625,5.706787109375
29.8,5.7525634765625,5.767822265625
29.84,5.645751953125,5.3558349609375
29.880000000000003,5.4779052734375,5.2032470703125
29.92,5.2337646484375,5.0811767578125
29.96,4.913330078125,4.730224609375
30.0,4.7149658203125,4.7149658203125
30.040000000000003,4.8980712890625,4.1046142578125
30.080000000000002,5.06591796875,4.180908203125
30.12,4.7149658203125,4.7149658203125
30.16,5.035400390625,4.8675537109375
30.200000000000003,5.2642822265625,4.8370361328125
30.240000000000002,5.0201416015625,5.0506591796875
30.28,5.55419921875,4.6539306640625
30.32,4.791259765625,4.9896240234375
30.360000000000003,4.9896240234375,4.82177734375
30.400000000000002,5.0811767578125,5.126953125
30.44,4.9285888671875,4.974365234375
30.48,5.2032470703125,5.2490234375
30.520000000000003,5.1116943359375,5.2642822265625
30.560000000000002,5.3863525390625,5.31005859375
30.6,5.645751953125,5.615234375
30.64,5.462646484375,5.55419921875
30.68,5.4168701171875,5.8441162109375
30.720000000000002,5.1116943359375,5.3863525390625
30.76,5.1422119140625,5.18798828125
30.8,4.82177734375,5.18798828125
30.84,5.035400390625,4.82177734375
30.880000000000003,4.791259765625,4.9285888671875
30.92,4.5166015625,4.6539306640625
30.96,4.69970703125,4.974365234375
31.0,4.730224609375,4.974365234375
31.040000000000003,4.82177734375,5.31005859375
31.080000000000002,4.7607421875,5.0811767578125
31.12,4.7607421875,5.0201416015625
31.16,4.852294921875,4.7454833984375
31.200000000000003,4.8065185546875,4.9591064453125
31.240000000000002,4.82177734375,4.608154296875
31.28,5.0811767578125,4.8828125
31.32,4.94384765625,4.9896240234375
31.360000000000003,4.8065185546875,5.2337646484375
31.400000000000002,5.2032470703125,5.3863525390625
31.44,5.2490234375,5.9661865234375
31.48,5.7220458984375,5.3863525390625
31.520000000000003,5.18798828125,5.4931640625
31.560000000000002,5.7373046875,5.4473876953125
31.6,5.2947998046875,5.3253173828125
31.64,6.072998046875,5.5084228515625
31.68,5.4779052734375,5.31005859375
31.720000000000002,5.43212890625,5.5389404296875
31.76,5.462646484375,4.9591064453125
31.8,5.37109375,4.9896240234375
31.84,4.94384765625,4.7149658203125
31.880000000000003,5.2337646484375,4.69970703125
31.92,5.06591796875,4.974365234375
31.96,4.7607421875,4.852294921875
32.0,5.0048828125,4.8980712890625
32.04,5.1727294921875,5.0201416015625
32.08,5.462646484375,5.2947998046875
32.12,5.6610107421875,5.096435546875
32.16,5.1727294921875,5.096435546875
32.2,5.4473876953125,4.8828125
32.24,4.9896240234375,4.638671875
32.28,5.0048828125,4.7760009765625
32.32,5.096435546875,4.791259765625
32.36,5.0201416015625,4.6234130859375
32.4,4.791259765625,4.69970703125
32.44,4.94384765625,4.425048828125
32.48,4.8065185546875,4.730224609375
32.52,4.8065185546875,4.913330078125
32.56,4.8675537109375,4.57763671875
32.6,4.730224609375,4.8065185546875
32.64,5.18798828125,4.69970703125
32.68,5.096435546875,5.126953125
32.72,5.523681640625,5.462646484375
32.76,5.3863525390625,5.43212890625
32.8,5.5694580078125,5.828857421875
32.839999999999996,5.7220458984375,6.011962890625
32.88,5.55419921875,5.9356689453125
32.92,5.5389404296875,5.7830810546875
32.96,5.6610107421875,5.523681640625
33.0,5.2642822265625,5.55419921875
33.04,5.1727294921875,5.462646484375
33.08,5.2032470703125,5.279541015625
33.12,5.2642822265625,5.0811767578125
33.16,5.31005859375,4.9591064453125
33.2,5.1116943359375,4.913330078125
33.24,5.1116943359375,5.2032470703125
33.28,4.6539306640625,5.126953125
33.32,4.669189453125,4.7760009765625
33.36,4.8828125,4.82177734375
33.4,4.8980712890625,4.7149658203125
33.44,4.5166015625,4.7454833984375
33.48,4.9896240234375,4.9591064453125
33.52,5.2032470703125,5.2947998046875
33.56,5.2032470703125,5.4779052734375
33.6,5.43212890625,5.523681640625
33.64,5.4168701171875,5.462646484375
33.68,5.126953125,5.1422119140625
33.72,5.2490234375,5.1422119140625
33.76,4.69970703125,4.791259765625
33.8,4.913330078125,5.2490234375
33.839999999999996,5.3558349609375,5.06591796875
33.88,5.31005859375,5.462646484375
33.92,5.2490234375,5.7525634765625
33.96,5.5084228515625,5.7220458984375
34.0,5.9967041015625,6.1492919921875
34.04,5.9814453125,5.889892578125
34.08,5.859375,5.706787109375
34.12,5.4931640625,5.2947998046875
34.16,5.3558349609375,5.2337646484375
34.2,5.0048828125,4.8980712890625
34.24,4.8828125,4.425048828125
34.28,4.8370361328125,4.486083984375
34.32,4.8065185546875,4.82177734375
34.36,4.638671875,4.9285888671875
34.4,4.425048828125,4.57763671875
34.44,4.638671875,4.4708251953125
34.48,4.7760009765625,4.82177734375
34.52,4.82177734375,4.69970703125
34.56,5.1422119140625,4.9896240234375
34.6,4.82177734375,4.94384765625
34.64,4.608154296875,5.218505859375
34.68,4.9285888671875,5.5694580078125
34.72,4.9591064453125,5.523681640625
34.76,4.8675537109375,5.7525634765625
34.8,5.0811767578125,5.584716796875
34.839999999999996,5.4473876953125,5.706787109375
34.88,5.2490234375,5.4168701171875
34.92,5.157470703125,5.37109375
34.96,5.1727294921875,5.6610107421875
35.0,5.5084228515625,5.340576171875
35.04,5.0201416015625,5.584716796875
35.08,5.0048828125,5.218505859375
35.12,5.3253173828125,5.5694580078125
35.16,5.523681640625,5.2642822265625
35.2,5.096435546875,5.2947998046875
35.24,5.0811767578125,5.615234375
35.28,5.1116943359375,5.4779052734375
35.32,5.096435546875,5.035400390625
35.36,4.791259765625,4.638671875
35.4,5.06591796875,4.57763671875
35.44,4.94384765625,4.6844482421875
35.48,4.4403076171875,5.1422119140625
35.52,4.547119140625,5.035400390625
35.56,5.2642822265625,4.8065185546875
35.6,5.5389404296875,4.791259765625
35.64,5.279541015625,5.4779052734375
35.68,5.218505859375,5.645751953125
35.72,4.852294921875,5.4779052734375
35.76,5.0048828125,5.31005859375
35.8,4.730224609375,5.218505859375
35.839999999999996,5.157470703125,4.39453125
35.88,4.7762451171875,4.6234130859375
35.92,5.0048828125,5.0201416015625
35.96,4.7760009765625,5.1422119140625
36.0,5.0201416015625,4.4097900390625
36.04,5.3558349609375,4.57763671875
36.08,5.67626953125,4.8675537109375
36.120000000000005,5.4473876953125,5.2337646484375
36.160000000000004,5.401611328125,5.6915283203125
36.2,5.3558349609375,5.645751953125
36.24,5.5999755859375,5.31005859375
36.28,5.1727294921875,5.584716796875
36.32,5.2490234375,5.2337646484375
36.36,5.096435546875,4.8065185546875
36.4,4.5013427734375,4.8828125
36.440000000000005,4.6234130859375,5.0048828125
36.480000000000004,4.974365234375,4.913330078125
36.52,5.3558349609375,4.791259765625
36.56,5.462646484375,5.3558349609375
36.6,5.2642822265625,5.8441162109375
36.64,5.828857421875,5.31005859375
36.68,5.645751953125,5.4473876953125
36.72,5.2337646484375,5.584716796875
36.76,5.0506591796875,5.9661865234375
36.800000000000004,4.791259765625,5.4473876953125
36.84,4.8980712890625,5.0506591796875
36.88,4.486083984375,4.669189453125
36.92,4.486083984375,4.2266845703125
36.96,4.4097900390625,4.5166015625
37.0,4.3487548828125,5.0811767578125
37.04,4.974365234375,4.4403076171875
37.08,5.279541015625,4.5166015625
37.120000000000005,4.547119140625,5.2490234375
37.160000000000004,4.69970703125,5.18798828125
37.2,5.2490234375,5.4779052734375
37.24,5.18798828125,5.584716796875
37.28,5.3558349609375,5.37109375
37.32,5.67626953125,5.096435546875
37.36,5.4779052734375,5.1422119140625
37.4,5.0811767578125,5.462646484375
37.440000000000005,4.9591064453125,5.4931640625
37.480000000000004,5.79833984375,5.0048828125
37.52,5.096435546875,5.584716796875
37.56,4.8980712890625,5.584716796875
37.6,5.3558349609375,4.669189453125
37.64,5.584716796875,5.6304931640625
37.68,5.5999755859375,5.859375
37.72,5.9661865234375,5.67626953125
37.76,5.3558349609375,5.79833984375
37.800000000000004,5.0506591796875,5.6610107421875
37.84,5.6610107421875,4.8370361328125
37.88,5.2642822265625,4.791259765625
37.92,4.5318603515625,4.82177734375
37.96,4.94384765625,5.035400390625
38.0,4.4708251953125,4.638671875
38.04,4.974365234375,3.96728515625
38.08,3.9520263671875,5.0506591796875
38.120000000000005,4.4708251953125,4.791259765625
38.160000000000004,5.4931640625,4.058837890625
38.2,4.7607421875,4.5928955078125
38.24,4.5928955078125,5.0048828125
38.28,5.2337646484375,5.126953125
38.32,5.157470703125,4.974365234375
38.36,4.9285888671875,5.889892578125
38.4,5.7373046875,5.1116943359375
38.440000000000005,5.0201416015625,5.645751953125
38.480000000000004,5.43212890625,5.157470703125
38.52,5.2337646484375,5.6915283203125
38.56,5.157470703125,4.9285888671875
38.6,5.2947998046875,5.1116943359375
38.64,4.7454833984375,5.096435546875
38.68,5.43212890625,4.486083984375
38.72,5.462646484375,4.730224609375
38.760000000000005,4.8065185546875,5.8746337890625
38.800000000000004,5.523681640625,5.0201416015625
38.84,5.2337646484375,5.5999755859375
38.88,5.8135986328125,5.035400390625
38.92,5.523681640625,5.7525634765625
38.96,6.0272216796875,5.706787109375
39.0,5.0811767578125,5.218505859375
39.04,5.4168701171875,5.0506591796875
39.08,5.0048828125,5.706787109375
39.120000000000005,5.126953125,4.8370361328125
39.160000000000004,4.119873046875,4.852294921875
39.2,4.8828125,4.3792724609375
39.24,4.4097900390625,5.0811767578125
39.28,4.8370361328125,4.7149658203125
39.32,4.82177734375,5.0506591796875
39.36,5.2947998046875,4.5318603515625
39.4,4.9896240234375,5.06591796875
39.440000000000005,5.0506591796875,4.974365234375
39.480000000000004,5.5999755859375,4.9591064453125
39.52,5.2947998046875,5.0201416015625
39.56,5.2947998046875,5.615234375
39.6,5.43212890625,5.0506591796875
39.64,5.55419921875,5.37109375
39.68,5.584716796875,4.974365234375
39.72,5.0201416015625,5.2337646484375
39.760000000000005,4.7760009765625,4.9591064453125
39.800000000000004,5.2337646484375,5.2337646484375
39.84,5.2947998046875,5.31005859375
39.88,5.2337646484375,5.2337646484375
39.92,5.096435546875,5.218505859375
39.96,5.43212890625,5.0048828125
40.0,4.9285888671875,4.7454833984375
40.04,4.82177734375,4.8980712890625
40.08,4.669189453125,5.1116943359375
40.120000000000005,4.69970703125,4.7454833984375
40.160000000000004,4.669189453125,4.45556640625
40.2,4.8980712890625,4.9285888671875
40.24,5.06591796875,5.2032470703125
40.28,4.6539306640625,4.9896240234375
40.32,5.615234375,4.913330078125
40.36,5.31005859375,4.94384765625
40.4,4.9285888671875,5.2947998046875
40.440000000000005,4.913330078125,4.8675537109375
40.480000000000004,5.37109375,5.157470703125
40.52,5.0506591796875,5.2337646484375
40.56,5.1116943359375,5.7525634765625
40.6,5.4779052734375,5.523681640625
40.64,5.6915283203125,5.9967041015625
40.68,5.79833984375,5.3558349609375
40.72,5.4779052734375,4.94384765625
40.760000000000005,5.218505859375,5.18798828125
40.800000000000004,4.8675537109375,4.8370361328125
40.84,4.9591064453125,4.8065185546875
40.88,4.7760009765625,4.7760009765625
40.92,5.096435546875,4.638671875
40.96,4.974365234375,5.0506591796875
41.0,5.096435546875,5.279541015625
41.04,4.913330078125,5.2642822265625
41.08,5.340576171875,5.126953125
41.120000000000005,5.31005859375,5.1116943359375
41.160000000000004,5.218505859375,5.096435546875
41.2,5.31005859375,5.5389404296875
41.24,5.3863525390625,4.913330078125
41.28,5.2947998046875,5.4779052734375
41.32,5.2947998046875,5.523681640625
41.36,5.096435546875,5.096435546875
41.4,5.2642822265625,5.1422119140625
41.440000000000005,5.7373046875,5.950927734375
41.480000000000004,5.0048828125,4.8065185546875
41.52,5.2032470703125,5.18798828125
41.56,5.157470703125,5.584716796875
41.6,5.3558349609375,5.0201416015625
41.64,5.31005859375,5.1727294921875
41.68,4.7760009765625,5.31005859375
41.72,5.31005859375,4.974365234375
41.760000000000005,4.8370361328125,4.852294921875
41.800000000000004,5.2642822265625,4.9591064453125
41.84,4.5623779296875,4.8065185546875
41.88,4.6234130859375,4.730224609375
41.92,4.8370361328125,5.462646484375
41.96,4.3182373046875,4.8828125
42.0,4.6234130859375,4.6539306640625
42.04,5.6304931640625,5.401611328125
42.08,5.096435546875,4.425048828125
42.120000000000005,4.8370361328125,4.5928955078125
42.160000000000004,5.4779052734375,4.974365234375
42.2,4.8828125,5.31005859375
42.24,4.608154296875,5.2947998046875
42.28,5.7525634765625,5.0811767578125
42.32,5.37109375,4.8065185546875
42.36,5.126953125,4.4403076171875
42.4,4.5623779296875,5.31005859375
42.440000000000005,4.82177734375,5.126953125
42.480000000000004,5.035400390625,5.2947998046875
42.52,4.82177734375,4.3792724609375
42.56,5.2490234375,4.6539306640625
42.6,4.791259765625,5.2032470703125
42.64,4.638671875,5.4931640625
42.68,5.157470703125,5.06591796875
42.72,5.3253173828125,5.5694580078125
42.760000000000005,5.0506591796875,5.2490234375
42.800000000000004,5.0201416015625,4.6844482421875
42.84,5.6915283203125,4.730224609375
42.88,5.340576171875,5.1116943359375
42.92,4.5166015625,5.584716796875
42.96,4.6844482421875,4.9896240234375
43.0,5.0201416015625,5.096435546875
43.04,5.3863525390625,4.9591064453125
43.08,4.8828125,5.584716796875
43.120000000000005,5.0506591796875,5.889892578125
43.160000000000004,5.43212890625,5.096435546875
43.2,6.011962890625,5.0811767578125
43.24,5.126953125,5.218505859375
43.28,4.7760009765625,5.6304931640625
43.32,4.7149658203125,5.06591796875
43.36,5.7525634765625,4.5166015625
43.4,5.2337646484375,4.6844482421875
43.440000000000005,4.1046142578125,5.6610107421875
43.480000000000004,4.9285888671875,4.69970703125
43.52,5.1422119140625,4.4097900390625
43.56,4.7149658203125,5.5694580078125
43.6,5.035400390625,5.06591796875
43.64,5.157470703125,4.638671875
43.68,4.974365234375,4.730224609375
43.72,5.37109375,5.1727294921875
43.760000000000005,4.69970703125,5.55419921875
43.800000000000004,5.218505859375,4.57763671875
43.84,5.31005859375,4.6844482421875
43.88,4.7454833984375,5.2337646484375
43.92,4.730224609375,5.2642822265625
43.96,4.9591064453125,4.5013427734375
44.0,5.2947998046875,4.608154296875
44.04,4.852294921875,5.462646484375
44.08,4.6844482421875,5.126953125
44.120000000000005,5.4779052734375,4.57763671875
44.160000000000004,5.1727294921875,5.0201416015625
44.2,4.8675537109375,5.462646484375
44.24,5.096435546875,4.94384765625
44.28,5.2490234375,4.4708251953125
44.32,4.7607421875,5.1116943359375
44.36,4.57763671875,5.1727294921875
44.4,5.4168701171875,4.791259765625
44.440000000000005,5.462646484375,4.9591064453125
44.480000000000004,4.8065185546875,5.5999755859375
44.52,5.279541015625,5.0048828125
44.56,5.5999755859375,5.06591796875
44.6,5.37109375,5.4168701171875
44.64,4.7149658203125,5.645751953125
44.68,5.2490234375,4.8065185546875
44.72,5.4931640625,5.2337646484375
44.760000000000005,4.82177734375,5.706787109375
44.800000000000004,4.669189453125,4.7149658203125
44.84,5.6915283203125,4.94384765625
44.88,4.21142578125,4.669189453125
44.92,4.57763671875,5.0201416015625
44.96,4.547119140625,4.5013427734375
45.0,4.9591064453125,4.2266845703125
45.04,4.5623779296875,5.340576171875
45.08,4.669189453125,4.2877197265625
45.120000000000005,5.18798828125,4.3487548828125
45.160000000000004,4.4097900390625,5.1727294921875
45.2,4.608154296875,4.9591064453125
45.24,5.157470703125,4.6539306640625
45.28,4.8828125,4.7149658203125
45.32,4.9285888671875,5.5694580078125
45.36,4.608154296875,4.8980712890625
45.4,5.126953125,4.5013427734375
45.440000000000005,4.9896240234375,5.157470703125
45.480000000000004,4.730224609375,5.126953125
45.52,5.43212890625,4.8370361328125
45.56,4.9591064453125,5.43212890625
45.6,5.0506591796875,5.523681640625
45.64,5.55419921875,5.279541015625
45.68,5.37109375,4.6234130859375
45.72,5.2642822265625,5.3253173828125
45.760000000000005,4.730224609375,5.4931640625
45.800000000000004,5.2337646484375,5.615234375
45.84,5.1422119140625,5.218505859375
45.88,5.126953125,4.69970703125
45.92,4.730224609375,5.2642822265625
45.96,4.7607421875,5.37109375
46.0,5.096435546875,4.5013427734375
46.04,5.859375,5.2642822265625
46.08,4.913330078125,5.218505859375
46.120000000000005,4.94384765625,5.767822265625
46.160000000000004,5.0201416015625,4.913330078125
46.2,5.4931640625,4.9285888671875
46.24,5.37109375,5.06591796875
46.28,4.5928955078125,5.401611328125
46.32,4.8675537109375,5.096435546875
46.36,4.57763671875,4.9285888671875
46.4,5.035400390625,4.913330078125
46.440000000000005,5.2490234375,5.4168701171875
46.480000000000004,4.7760009765625,5.279541015625
46.52,4.791259765625,5.0506591796875
46.56,4.608154296875,4.7454833984375
46.6,4.69970703125,4.669189453125
46.64,4.2877197265625,4.7760009765625
46.68,4.9591064453125,4.8065185546875
46.72,4.7149658203125,4.730224609375
46.760000000000005,4.791259765625,4.7760009765625
46.800000000000004,4.8980712890625,5.126953125
46.84,4.94384765625,4.9285888671875
46.88,5.401611328125,5.279541015625
46.92,5.645751953125,5.584716796875
46.96,5.37109375,4.8828125
47.0,5.584716796875,5.0201416015625
47.04,5.767822265625,5.7220458984375
47.08,5.1422119140625,5.1422119140625
47.120000000000005,5.4779052734375,5.0506591796875
47.160000000000004,5.3558349609375,5.55419921875
47.2,4.974365234375,5.1727294921875
47.24,5.4779052734375,5.4779052734375
47.28,5.340576171875,5.55419921875
47.32,5.462646484375,5.5084228515625
47.36,5.8441162109375,5.645751953125
47.4,5.92041015625,5.615234375
47.440000000000005,5.2032470703125,5.157470703125
47.480000000000004,5.4473876953125,4.791259765625
47.52,4.9591064453125,5.0811767578125
47.56,4.7607421875,4.364013671875
47.6,4.364013671875,4.57763671875
47.64,4.5623779296875,4.547119140625
47.68,4.5318603515625,4.364013671875
47.72,4.8065185546875,4.4403076171875
47.760000000000005,4.486083984375,5.035400390625
47.800000000000004,4.302978515625,4.8675537109375
47.84,5.06591796875,5.0048828125
47.88,5.0201416015625,5.0506591796875
47.92,5.0201416015625,4.5166015625
47.96,4.8675537109375,4.8065185546875
48.0,4.7149658203125,4.9285888671875
48.04,4.5623779296875,4.8828125
48.08,4.9591064453125,4.7607421875
48.120000000000005,4.7760009765625,4.9591064453125
48.160000000000004,5.1727294921875,5.1116943359375
48.2,4.730224609375,5.0506591796875
48.24,5.1116943359375,4.913330078125
48.28,4.8370361328125,5.645751953125
48.32,4.974365234375,5.0811767578125
48.36,4.8980712890625,4.730224609375
48.4,4.39453125,4.7607421875
48.440000000000005,4.9896240234375,4.5623779296875
48.480000000000004,4.82177734375,4.5928955078125
48.52,4.2877197265625,5.0201416015625
48.56,4.8370361328125,4.5623779296875
48.6,4.5013427734375,4.69970703125
48.64,4.5166015625,5.0506591796875
48.68,4.852294921875,4.8675537109375
48.72,4.852294921875,4.913330078125
48.760000000000005,4.669189453125,4.69970703125
48.800000000000004,4.6844482421875,5.157470703125
48.84,5.279541015625,4.974365234375
48.88,5.401611328125,5.3863525390625
48.92,5.0811767578125,5.645751953125
48.96,5.2490234375,5.6304931640625
49.0,5.706787109375,5.645751953125
49.04,5.1727294921875,5.8135986328125
49.08,5.92041015625,5.462646484375
49.120000000000005,5.3558349609375,5.5084228515625
49.160000000000004,5.2032470703125,5.3253173828125
49.2,4.94384765625,5.1422119140625
49.24,5.2490234375,5.43212890625
49.28,5.157470703125,5.3863525390625
49.32,5.31005859375,5.5084228515625
49.36,5.218505859375,4.8675537109375
49.4,5.31005859375,4.9591064453125
49.440000000000005,5.4168701171875,5.0048828125
49.480000000000004,4.791259765625,5.0811767578125
49.52,4.94384765625,4.5623779296875
49.56,4.45556640625,5.2337646484375
49.6,4.852294921875,5.218505859375
49.64,5.18798828125,4.852294921875
49.68,5.06591796875,5.0201416015625
49.72,4.7149658203125,5.18798828125
49.760000000000005,5.0201416015625,4.94384765625
49.800000000000004,4.69970703125,4.7149658203125
49.84,4.4708251953125,5.157470703125
49.88,4.8980712890625,4.5318603515625
49.92,4.82177734375,4.6234130859375
49.96,4.4097900390625,4.7607421875
50.0,4.21142578125,4.3182373046875
50.04,4.57763671875,4.058837890625
50.08,4.2877197265625,4.5928955078125
50.120000000000005,4.7607421875,3.8909912109375
50.160000000000004,4.547119140625,4.4403076171875
50.2,4.791259765625,4.8065185546875
50.24,5.279541015625,4.9285888671875
50.28,5.0048828125,5.6915283203125
50.32,5.3253173828125,5.2490234375
50.36,5.6915283203125,5.0201416015625
50.4,5.5389404296875,5.7373046875
50.440000000000005,5.462646484375,5.5389404296875
50.480000000000004,5.401611328125,5.0048828125
50.52,5.0811767578125,5.462646484375
50.56,4.94384765625,5.5999755859375
50.6,5.462646484375,4.94384765625
50.64,5.6610107421875,5.0506591796875
50.68,4.974365234375,4.8370361328125
50.72,4.974365234375,4.8370361328125
50.760000000000005,5.1116943359375,5.1727294921875
50.800000000000004,4.9896240234375,5.0811767578125
50.84,4.7760009765625,4.3182373046875
50.88,4.608154296875,4.7454833984375
50.92,4.45556640625,5.0048828125
50.96,4.486083984375,4.8828125
51.0,4.6844482421875,5.0811767578125
51.04,5.279541015625,4.8828125
51.08,5.279541015625,4.9285888671875
51.120000000000005,5.2947998046875,5.06591796875
51.160000000000004,4.974365234375,5.2032470703125
51.2,5.0506591796875,5.06591796875
51.24,5.096435546875,5.1116943359375
51.28,4.913330078125,5.1422119140625
51.32,4.6844482421875,4.9896240234375
51.36,4.736083984375,4.913330078125
51.4,4.7607421875,4.4403076171875
51.440000000000005,4.3792724609375,4.5166015625
51.480000000000004,4.608154296875,4.7454833984375
51.52,4.94384765625,4.6844482421875
51.56,4.6844482421875,4.8980712890625
51.6,4.94384765625,5.157470703125
51.64,4.852294921875,4.7607421875
51.68,4.8828125,4.8980712890625
51.72,4.974365234375,4.7760009765625
51.760000000000005,5.06591796875,5.1422119140625
51.800000000000004,4.7607421875,4.4403076171875
51.84,5.218505859375,4.852294921875
51.88,5.0811767578125,5.0201416015625
51.92,5.2947998046875,5.7373046875
51.96,5.18798828125,5.3863525390625
52.0,4.9896240234375,5.096435546875
52.04,5.31005859375,5.279541015625
52.080000000000005,5.2947998046875,5.37109375
52.120000000000005,5.4168701171875,5.43212890625
52.160000000000004,5.340576171875,5.645751953125
52.2,5.218505859375,5.0506591796875
52.24,5.3863525390625,5.157470703125
52.28,5.3863525390625,5.06591796875
52.32,5.0811767578125,5.31005859375
52.36,5.31005859375,5.157470703125
52.4,5.218505859375,5.1422119140625
52.440000000000005,4.7760009765625,4.7149658203125
52.480000000000004,4.791259765625,4.69970703125
52.52,4.7149658203125,4.608154296875
52.56,4.6234130859375,4.608154296875
52.6,4.4403076171875,4.1351318359375
52.64,4.45556640625,4.302978515625
52.68,4.39453125,4.4097900390625
52.72,4.547119140625,4.5321044921875
52.760000000000005,4.669189453125,4.8828125
52.800000000000004,4.8675537109375,4.94384765625
52.84,5.37109375,5.3558349609375
52.88,5.523681640625,5.645751953125
52.92,5.3558349609375,5.37109375
52.96,5.1727294921875,5.1422119140625
53.0,5.157470703125,5.0506591796875
53.04,5.4168701171875,5.4779052734375
53.080000000000005,5.4168701171875,5.43212890625
53.120000000000005,5.18798828125,5.279541015625
53.160000000000004,4.82177734375,5.157470703125
53.2,5.0201416015625,5.0506591796875
53.24,4.69970703125,4.6234130859375
53.28,4.8065185546875,4.791259765625
53.32,4.638671875,4.608154296875
53.36,4.6539306640625,4.608154296875
53.4,4.6539306640625,4.7149658203125
53.440000000000005,4.82177734375,4.9285888671875
53.480000000000004,4.6539306640625,4.7760009765625
53.52,4.9285888671875,4.9896240234375
53.56,4.94384765625,5.18798828125
53.6,5.1422119140625,5.157470703125
53.64,5.0811767578125,5.126953125
53.68,4.9285888671875,4.913330078125
53.72,4.913330078125,4.5166015625
53.760000000000005,4.547119140625,4.638671875
53.800000000000004,4.6844482421875,4.638671875
53.84,4.5013427734375,4.8370361328125
53.88,4.302978515625,4.5623779296875
53.92,4.57763671875,4.8980712890625
53.96,4.7760009765625,4.9896240234375
54.0,4.69970703125,4.9591064453125
54.04,4.913330078125,5.2337646484375
54.080000000000005,4.974365234375,5.1116943359375
54.120000000000005,5.0506591796875,4.913330078125
54.160000000000004,4.45556640625,4.8065185546875
54.2,4.45556640625,4.8675537109375
54.24,4.82177734375,5.0201416015625
54.28,5.0201416015625,4.974365234375
54.32,5.2642822265625,5.2337646484375
54.36,5.462646484375,5.218505859375
54.4,5.279541015625,5.0506591796875
54.440000000000005,5.43212890625,5.31005859375
54.480000000000004,5.218505859375,4.94384765625
54.52,5.1116943359375,5.0811767578125
54.56,4.730224609375,4.8370361328125
54.6,4.8370361328125,4.852294921875
54.64,4.3792724609375,4.852294921875
54.68,4.638671875,4.8980712890625
54.72,4.638671875,4.8675537109375
54.760000000000005,4.82177734375,4.7454833984375
54.800000000000004,4.7149658203125,4.638671875
54.84,4.8370361328125,4.6539306640625
54.88,4.8980712890625,4.638671875
54.92,4.669189453125,4.8675537109375
54.96,4.7149658203125,5.035400390625
55.0,4.7454833984375,4.94384765625
55.04,4.8828125,5.035400390625
55.080000000000005,4.8370361328125,5.218505859375
55.120000000000005,4.9591064453125,4.913330078125
55.160000000000004,4.791259765625,4.5166015625
55.2,4.852294921875,4.730224609375
55.24,4.5623779296875,4.4097900390625
55.28,4.9285888671875,4.7760009765625
55.32,4.5623779296875,4.5318603515625
55.36,4.913330078125,4.8828125
55.4,5.0811767578125,4.69970703125
55.440000000000005,5.279541015625,5.0506591796875
55.480000000000004,5.4931640625,5.2032470703125
55.52,5.126953125,5.096435546875
55.56,5.462646484375,5.7373046875
55.6,5.31005859375,5.4779052734375
55.64,5.2032470703125,5.584716796875
55.68,5.06591796875,5.37109375
55.72,4.974365234375,5.035400390625
55.760000000000005,4.730224609375,5.0506591796875
55.800000000000004,4.39453125,4.8828125
55.84,4.5013427734375,4.638671875
55.88,4.5318603515625,4.5928955078125
55.92,4.486083984375,4.730224609375
55.96,4.45556640625,4.5928955078125
56.0,4.5013427734375,4.69970703125
56.04,4.364013671875,4.2572021484375
56.080000000000005,4.3487548828125,4.5013427734375
56.120000000000005,4.5166015625,4.4708251953125
56.160000000000004,4.57763671875,4.5318603515625
56.2,4.852294921875,4.9896240234375
56.24,4.913330078125,5.0048828125
56.28,5.1116943359375,4.8065185546875
56.32,5.0048828125,4.8980712890625
56.36,5.096435546875,5.2032470703125
56.4,5.2490234375,5.2490234375
56.440000000000005,5.035400390625,4.94384765625
56.480000000000004,4.9285888671875,5.2642822265625
56.52,5.035400390625,5.340576171875
56.56,5.0048828125,5.401611328125
56.6,5.18798828125,5.3558349609375
56.64,5.18798828125,5.462646484375
56.68,5.157470703125,5.279541015625
56.72,4.8370361328125,5.2642822265625
56.760000000000005,4.8980712890625,5.0506591796875
56.800000000000004,4.791259765625,5.0811767578125
56.84,5.0811767578125,4.9896240234375
56.88,5.0201416015625,5.0201416015625
56.92,4.94384765625,4.94384765625
56.96,4.8980712890625,4.974365234375
57.0,4.8828125,4.9896240234375
57.04,4.8065185546875,4.7607421875
57.080000000000005,4.8370361328125,4.730224609375
57.120000000000005,5.19384765625,5.035400390625
57.160000000000004,4.852294921875,5.126953125
57.2,4.730224609375,5.035400390625
57.24,4.791259765625,4.8675537109375
57.28,5.157470703125,5.0811767578125
57.32,4.974365234375,5.0201416015625
57.36,4.974365234375,5.096435546875
57.4,4.8065185546875,4.974365234375
57.440000000000005,5.0811767578125,5.1422119140625
57.480000000000004,5.035400390625,5.218505859375
57.52,5.06591796875,5.1116943359375
57.56,4.9896240234375,4.9285888671875
57.6,4.8675537109375,4.82177734375
57.64,5.3558349609375,5.126953125
57.68,5.279541015625,5.2032470703125
57.72,5.55419921875,5.2947998046875
57.760000000000005,5.3558349609375,5.0811767578125
57.800000000000004,5.218505859375,5.06591796875
57.84,4.913330078125,4.974365234375
57.88,4.94384765625,5.18798828125
57.92,4.5318603515625,4.7607421875
57.96,4.8828125,4.6539306640625
58.0,4.3487548828125,4.45556640625
58.04,4.2877197265625,4.39453125
58.080000000000005,3.997802734375,3.9825439453125
58.120000000000005,4.21142578125,4.5013427734375
58.160000000000004,4.608154296875,4.7149658203125
58.2,4.5928955078125,4.7149658203125
58.24,4.6844482421875,4.5623779296875
58.28,4.8980712890625,4.7149658203125
58.32,4.974365234375,4.6844482421875
58.36,4.94384765625,4.5166015625
58.4,5.126953125,4.791259765625
58.440000000000005,5.0201416015625,4.7454833984375
58.480000000000004,5.157470703125,4.8980712890625
58.52,5.5389404296875,5.4473876953125
58.56,5.4779052734375,5.523681640625
58.6,5.4168701171875,5.5999755859375
58.64,5.1727294921875,5.2032470703125
58.68,4.9896240234375,4.974365234375
58.72,4.7149658203125,4.7760009765625
58.760000000000005,4.7149658203125,4.94384765625
58.800000000000004,4.791259765625,4.852294921875
58.84,4.791259765625,4.7607421875
58.88,4.3792724609375,4.33349609375
58.92,4.08935546875,4.2266845703125
58.96,4.45556640625,4.4708251953125
59.0,4.3487548828125,4.39453125
59.04,4.6539306640625,4.302978515625
59.080000000000005,4.7149658203125,4.052978515625
59.120000000000005,4.7607421875,4.3182373046875
59.160000000000004,4.94384765625,4.5928955078125
59.2,4.8980712890625,4.791259765625
59.24,4.8828125,5.035400390625
59.28,5.2032470703125,5.31005859375
59.32,4.94384765625,5.1116943359375
59.36,5.1727294921875,4.82177734375
59.4,5.401611328125,5.06591796875
59.440000000000005,5.31005859375,5.1116943359375
59.480000000000004,5.2490234375,5.2642822265625
59.52,5.0811767578125,5.1727294921875
59.56,5.035400390625,5.31005859375
59.6,5.035400390625,4.9285888671875
59.64,4.7454833984375,4.791259765625
59.68,5.2032470703125,4.94384765625
59.72,5.1422119140625,5.0506591796875
59.760000000000005,5.31005859375,5.1727294921875
59.800000000000004,5.1727294921875,5.096435546875
59.84,5.0811767578125,5.0201416015625
59.88,4.791259765625,5.1116943359375
59.92,5.0811767578125,5.1116943359375
59.96,5.0811767578125,5.1727294921875
60.0,5.3863525390625,5.1116943359375
60.04,5.2337646484375,4.9896240234375
60.080000000000005,4.9285888671875,5.035400390625
60.120000000000005,5.0201416015625,4.7454833984375
60.160000000000004,4.547119140625,4.57763671875
60.2,4.2724609375,4.57763671875
60.24,4.21142578125,4.5166015625
60.28,4.3182373046875,4.39453125
60.32,4.2877197265625,4.3487548828125
60.36,4.547119140625,4.1961669921875
60.4,4.4708251953125,4.180908203125
60.440000000000005,4.5623779296875,4.0740966796875
60.480000000000004,4.4708251953125,4.5928955078125
60.52,4.9285888671875,4.730224609375
60.56,4.8370361328125,4.9591064453125
60.6,5.218505859375,4.9285888671875
60.64,5.5084228515625,5.4473876953125
60.68,5.4779052734375,5.37109375
60.72,5.5389404296875,5.5694580078125
60.760000000000005,5.7830810546875,5.706787109375
60.800000000000004,5.7373046875,5.6915283203125
60.84,5.5694580078125,5.615234375
60.88,5.4931640625,5.6304931640625
60.92,5.340576171875,5.3863525390625
60.96,4.82177734375,5.31005859375
61.0,4.7454833984375,4.82177734375
61.04,4.5013427734375,4.3792724609375
61.080000000000005,4.0435791015625,4.150390625
61.120000000000005,4.0130615234375,3.96728515625
61.160000000000004,3.936767578125,4.1046142578125
61.2,4.119873046875,4.058837890625
61.24,4.425048828125,4.33349609375
61.28,4.486083984375,4.33349609375
61.32,4.791259765625,4.45556640625
61.36,5.0506591796875,4.638671875
61.4,5.523681640625,4.8065185546875
61.440000000000005,5.55419921875,5.096435546875
61.480000000000004,5.6915283203125,5.2032470703125
61.52,5.5084228515625,4.94384765625
61.56,5.4779052734375,4.82177734375
61.6,5.3863525390625,5.2642822265625
61.64,5.035400390625,5.2642822265625
61.68,4.913330078125,4.9896240234375
61.72,5.0048828125,5.0506591796875
61.760000000000005,4.6539306640625,4.8980712890625
61.800000000000004,4.45556640625,4.8675537109375
61.84,4.5318603515625,4.7149658203125
61.88,4.6234130859375,4.4097900390625
61.92,4.852294921875,4.8065185546875
61.96,5.096435546875,4.9591064453125
62.0,4.730224609375,4.791259765625
62.04,4.7760009765625,5.06591796875
62.080000000000005,5.1116943359375,4.8065185546875
62.120000000000005,4.913330078125,4.638671875
62.160000000000004,4.5318603515625,4.364013671875
62.2,4.69970703125,4.730224609375
62.24,4.852294921875,4.69970703125
62.28,5.096435546875,4.4708251953125
62.32,5.157470703125,4.5623779296875
62.36,4.94384765625,4.486083984375
62.4,5.1116943359375,4.82177734375
62.440000000000005,4.9591064453125,4.791259765625
62.480000000000004,4.8828125,4.852294921875
62.52,4.6539306640625,4.669189453125
62.56,4.2877197265625,4.180908203125
62.6,4.5013427734375,4.6844482421875
62.64,4.4097900390625,4.8370361328125
62.68,4.5013427734375,4.8675537109375
62.72,5.218505859375,5.035400390625
62.760000000000005,5.31005859375,5.0048828125
62.800000000000004,5.0811767578125,5.157470703125
62.84,4.4403076171875,5.4168701171875
62.88,4.974365234375,5.7220458984375
62.92,5.2490234375,5.7279052734375
62.96,5.0201416015625,5.0506591796875
63.0,5.18798828125,5.1727294921875
63.04,5.0506591796875,4.913330078125
63.080000000000005,4.4403076171875,4.547119140625
63.120000000000005,4.1656494140625,4.4708251953125
63.160000000000004,4.425048828125,4.730224609375
63.2,4.6234130859375,4.913330078125
63.24,4.2266845703125,4.486083984375
63.28,3.96728515625,4.7000732421875
63.32,4.6539306640625,4.974365234375
63.36,4.5318603515625,4.547119140625
63.4,4.45556640625,4.302978515625
63.440000000000005,4.9285888671875,4.39453125
63.480000000000004,4.3792724609375,4.547119140625
63.52,5.035400390625,5.0201416015625
63.56,4.608154296875,5.218505859375
63.6,4.608154296875,4.852294921875
63.64,4.852294921875,5.0811767578125
63.68,5.096435546875,5.0201416015625
63.72,5.157470703125,5.035400390625
63.760000000000005,4.82177734375,5.035400390625
63.800000000000004,4.8980712890625,5.340576171875
63.84,4.974365234375,5.1422119140625
63.88,5.035400390625,4.9591064453125
63.92,5.157470703125,5.0201416015625
63.96,4.547119140625,4.608154296875
64.0,4.8828125,4.7454833984375
64.03999999999999,5.0811767578125,4.9285888671875
64.08,4.852294921875,4.6844482421875
64.12,5.157470703125,4.8828125
64.16,5.035400390625,4.8370361328125
64.2,5.0048828125,5.096435546875
64.24,4.5928955078125,4.94384765625
64.28,4.6234130859375,4.8980712890625
64.32,4.486083984375,4.486083984375
64.36,4.5013427734375,4.3792724609375
64.39999999999999,4.058837890625,4.3487548828125
64.44,4.4708251953125,4.364013671875
64.48,4.2724609375,4.2266845703125
64.52,4.2266845703125,4.3182373046875
64.56,4.486083984375,4.8065185546875
64.6,4.6539306640625,5.06591796875
64.64,5.157470703125,5.126953125
64.67999999999999,5.2947998046875,5.0201416015625
64.72,5.5999755859375,5.2490234375
64.76,4.9591064453125,5.1422119140625
64.8,5.3253173828125,5.5999755859375
64.84,5.4931640625,5.2337646484375
64.88,5.767822265625,5.0048828125
64.92,5.2337646484375,4.8675537109375
64.96,4.791259765625,5.035400390625
65.0,4.608154296875,5.218505859375
65.03999999999999,4.8980712890625,5.2490234375
65.08,5.1422119140625,5.0048828125
65.12,5.2490234375,5.0048828125
65.16,4.3792724609375,5.096435546875
65.2,4.3792724609375,5.096435546875
65.24,4.45556640625,4.8828125
65.28,4.8980712890625,4.39453125
65.32,4.94384765625,5.06591796875
65.36,4.4097900390625,4.7760009765625
65.39999999999999,4.9285888671875,4.791259765625
65.44,4.82177734375,4.9896240234375
65.48,4.852294921875,4.669189453125
65.52,4.2877197265625,5.2490234375
65.56,4.7149658203125,5.157470703125
65.6,5.37109375,5.126953125
65.64,4.8370361328125,5.218505859375
65.67999999999999,4.7149658203125,5.37109375
65.72,4.6234130859375,5.279541015625
65.76,5.157470703125,4.8828125
65.8,4.8828125,4.7454833984375
65.84,4.8675537109375,4.9285888671875
65.88,4.730224609375,5.3558349609375
65.92,4.8370361328125,5.31005859375
65.96,4.7607421875,5.31005859375
66.0,4.730224609375,4.8065185546875
66.03999999999999,4.5318603515625,5.1116943359375
66.08,4.669189453125,4.9896240234375
66.12,4.547119140625,4.8828125
66.16,4.4097900390625,4.7149658203125
66.2,4.6234130859375,5.1422119140625
66.24,5.0048828125,4.852294921875
66.28,5.523681640625,4.791259765625
66.32,5.0811767578125,4.730224609375
66.36,4.9896240234375,4.9591064453125
66.4,5.218505859375,5.18798828125
66.44,4.9285888671875,5.2032470703125
66.48,4.57763671875,5.1422119140625
66.52,4.5166015625,5.035400390625
66.56,4.5318603515625,4.974365234375
66.6,4.45556640625,4.730224609375
66.64,4.0740966796875,4.39453125
66.67999999999999,3.96728515625,4.4097900390625
66.72,3.6773681640625,4.5623779296875
66.76,4.39453125,4.9285888671875
66.8,4.39453125,4.45556640625
66.84,4.669189453125,4.791259765625
66.88,4.82177734375,5.218505859375
66.92,5.0811767578125,5.1422119140625
66.96,5.2947998046875,4.9896240234375
67.0,5.06591796875,5.0811767578125
67.03999999999999,5.06591796875,5.157470703125
67.08,5.126953125,4.8980712890625
67.12,4.9285888671875,5.126953125
67.16,5.2490234375,5.4168701171875
67.2,5.7220458984375,5.0811767578125
67.24,5.035400390625,4.8675537109375
67.28,5.1727294921875,4.9896240234375
67.32,4.6844482421875,4.7607421875
67.36,4.82177734375,4.669189453125
67.4,4.5013427734375,4.4708251953125
67.44,4.5166015625,4.2572021484375
67.48,4.5318603515625,4.7760009765625
67.52,4.7454833984375,4.7607421875
67.56,4.486083984375,5.0811767578125
67.6,4.7760009765625,4.974365234375
67.64,4.8065185546875,5.096435546875
67.67999999999999,4.8675537109375,5.096435546875
67.72,4.9285888671875,5.1116943359375
67.76,5.126953125,5.096435546875
67.8,4.5928955078125,4.8828125
67.84,4.94384765625,4.8980712890625
67.88,4.791259765625,4.94384765625
67.92,4.8675537109375,5.0201416015625
67.96,4.486083984375,4.7149658203125
68.0,4.486083984375,4.791259765625
68.03999999999999,4.39453125,4.791259765625
68.08,4.8065185546875,4.5166015625
68.11999999999999,4.5928955078125,4.486083984375
68.16,4.5623779296875,4.2572021484375
68.19999999999999,4.8065185546875,4.6539306640625
68.24,4.7760009765625,4.57763671875
68.28,4.8828125,5.035400390625
68.32,5.035400390625,5.0506591796875
68.36,5.157470703125,5.1422119140625
68.39999999999999,5.0811767578125,5.31005859375
68.44,5.18798828125,5.37109375
68.47999999999999,5.126953125,5.0048828125
68.52,4.913330078125,5.06591796875
68.55999999999999,4.94384765625,5.0048828125
68.6,5.096435546875,5.1116943359375
68.64,4.913330078125,4.913330078125
68.67999999999999,4.974365234375,4.9591064453125
68.72,4.7149658203125,5.0506591796875
68.75999999999999,4.4708251953125,4.8065185546875
68.8,4.3487548828125,4.6844482421875
68.83999999999999,4.3182373046875,4.913330078125
68.88,4.4403076171875,4.6844482421875
68.92,4.8828125,5.096435546875
68.96,4.8828125,4.913330078125
69.0,5.0201416015625,5.035400390625
69.03999999999999,5.3558349609375,4.9896240234375
69.08,5.18798828125,4.8370361328125
69.11999999999999,5.126953125,4.94384765625
69.16,5.035400390625,4.8065185546875
69.19999999999999,4.82177734375,4.82177734375
69.24,5.0048828125,4.5623779296875
69.28,4.7149658203125,4.486083984375
69.32,4.8065185546875,4.9896240234375
69.36,4.852294921875,4.69970703125
69.39999999999999,4.9591064453125,4.69970703125
69.44,4.913330078125,4.852294921875
69.47999999999999,4.8370361328125,5.0201416015625
69.52,5.18798828125,5.0506591796875
69.55999999999999,4.486083984375,4.9285888671875
69.6,4.5928955078125,5.2642822265625
69.64,4.6539306640625,5.0048828125
69.67999999999999,4.730224609375,5.0201416015625
69.72,4.547119140625,4.852294921875
69.75999999999999,4.852294921875,4.974365234375
69.8,4.8065185546875,4.6844482421875
69.83999999999999,4.7607421875,4.7149658203125
69.88,4.6234130859375,4.82177734375
69.92,4.669189453125,4.7149658203125
69.96,4.8675537109375,4.6844482421875
70.0,4.9285888671875,4.8828125
70.03999999999999,4.669189453125,4.8828125
70.08,4.638671875,4.94384765625
70.11999999999999,4.7760009765625,5.0201416015625
70.16,4.7149658203125,4.94384765625
70.19999999999999,4.791259765625,5.0506591796875
70.24,5.19384765625,5.2947998046875
70.28,4.730224609375,5.1116943359375
70.32,4.69970703125,4.8065185546875
70.36,4.6844482421875,5.0048828125
70.39999999999999,4.669189453125,4.9591064453125
70.44,4.547119140625,5.0506591796875
70.47999999999999,4.6234130859375,4.913330078125
70.52,4.5928955078125,4.791259765625
70.55999999999999,4.7149658203125,4.9896240234375
70.6,4.9285888671875,5.0506591796875
70.64,4.791259765625,4.7760009765625
70.67999999999999,4.9285888671875,5.157470703125
70.72,4.730224609375,4.974365234375
70.75999999999999,4.6234130859375,5.2032470703125
70.8,4.730224609375,5.1727294921875
70.83999999999999,4.8370361328125,5.2337646484375
70.88,4.5013427734375,4.974365234375
70.92,4.69970703125,4.974365234375
70.96,4.3487548828125,4.5623779296875
71.0,4.638671875,4.8675537109375
71.03999999999999,4.7149658203125,4.913330078125
71.08,4.730224609375,4.9896240234375
71.11999999999999,4.5166015625,4.7454833984375
71.16,4.9896240234375,4.9591064453125
71.19999999999999,4.57763671875,4.638671875
71.24,4.69970703125,4.547119140625
71.28,4.7454833984375,4.3792724609375
71.32,4.608154296875,4.4708251953125
71.36,4.5318603515625,4.7149658203125
71.39999999999999,4.6539306640625,4.608154296875
71.44,4.4403076171875,4.7149658203125
71.47999999999999,4.638671875,4.9591064453125
71.52,4.9591064453125,4.9285888671875
71.55999999999999,4.9285888671875,5.1422119140625
71.6,4.7454833984375,4.8675537109375
71.64,4.638671875,4.94384765625
71.67999999999999,4.919189453125,4.852294921875
71.72,4.8675537109375,5.1422119140625
71.75999999999999,4.82177734375,4.638671875
71.8,4.913330078125,4.425048828125
71.83999999999999,4.5928955078125,4.6844482421875
71.88,4.638671875,4.486083984375
71.92,4.57763671875,4.3182373046875
71.96,4.6539306640625,4.5928955078125
72.0,4.9591064453125,4.5166015625
72.03999999999999,5.3253173828125,4.7760009765625
72.08,5.5084228515625,4.8065185546875
72.11999999999999,5.4779052734375,5.462646484375
72.16,5.3863525390625,5.3558349609375
72.19999999999999,5.6915283203125,5.2490234375
72.24,5.8441162109375,5.4168701171875
72.28,5.889892578125,5.9051513671875
72.32,5.218505859375,5.7373046875
72.36,4.82177734375,5.37109375
72.39999999999999,4.785400390625,5.218505859375
72.44,4.3487548828125,4.4403076171875
72.47999999999999,4.0283203125,4.1961669921875
72.52,4.0435791015625,3.814697265625
72.56,3.7841796875,3.8909912109375
72.6,3.84521484375,4.0130615234375
72.64,3.997802734375,4.0130615234375
72.67999999999999,4.119873046875,4.2877197265625
72.72,4.5013427734375,4.608154296875
72.75999999999999,4.9285888671875,5.035400390625
72.8,5.2490234375,5.1727294921875
72.83999999999999,5.340576171875,5.5694580078125
72.88,5.55419921875,5.462646484375
72.92,5.7220458984375,5.7220458984375
72.96,5.523681640625,5.5694580078125
73.0,5.615234375,5.3863525390625
73.03999999999999,5.3253173828125,5.3558349609375
73.08,4.7149658203125,4.9591064453125
73.11999999999999,4.8828125,4.9896240234375
73.16,4.5013427734375,4.6234130859375
73.19999999999999,4.2724609375,4.425048828125
73.24,4.2572021484375,4.4403076171875
73.28,4.39453125,4.364013671875
73.32,4.3792724609375,4.5166015625
73.36,4.39453125,3.9825439453125
73.39999999999999,4.364013671875,4.6234130859375
73.44,4.3182373046875,4.69970703125
73.47999999999999,4.7149658203125,5.0201416015625
73.52,4.82177734375,5.157470703125
73.56,5.1422119140625,5.5389404296875
73.6,5.1727294921875,5.401611328125
73.64,5.5694580078125,5.279541015625
73.67999999999999,5.859375,5.584716796875
73.72,5.615234375,5.4931640625
73.75999999999999,5.6304931640625,5.615234375
73.8,5.4473876953125,5.218505859375
73.83999999999999,5.0506591796875,4.7760009765625
73.88,4.7607421875,4.3792724609375
73.92,4.425048828125,4.4403076171875
73.96,4.0435791015625,4.2572021484375
74.0,4.2877197265625,4.0740966796875
74.03999999999999,3.9825439453125,4.1656494140625
74.08,4.1351318359375,4.364013671875
74.11999999999999,4.3487548828125,4.241943359375
74.16,4.8675537109375,4.547119140625
74.19999999999999,4.7760009765625,4.9285888671875
74.24,5.401611328125,5.157470703125
74.28,5.157470703125,5.3253173828125
74.32,5.157470703125,5.2337646484375
74.36,5.4779052734375,5.2947998046875
74.39999999999999,5.2947998046875,5.3253173828125
74.44,5.126953125,5.2337646484375
74.47999999999999,4.7149658203125,4.9591064453125
74.52,4.5928955078125,4.852294921875
74.56,4.638671875,4.486083984375
74.6,4.302978515625,4.638671875
74.64,5.1727294921875,4.5318603515625
74.67999999999999,4.425048828125,4.913330078125
74.72,5.06591796875,5.0811767578125
74.75999999999999,4.638671875,5.0201416015625
74.8,4.5928955078125,5.035400390625
74.83999999999999,4.8065185546875,5.126953125
74.88,4.7454833984375,5.157470703125
74.92,5.0811767578125,4.8370361328125
74.96,5.096435546875,5.126953125
75.0,4.730224609375,4.8675537109375
75.03999999999999,4.7454833984375,5.0048828125
75.08,4.8828125,5.340576171875
75.11999999999999,5.126953125,4.7149658203125
75.16,5.096435546875,4.8980712890625
75.19999999999999,5.1727294921875,4.94384765625
75.24,5.279541015625,4.9285888671875
75.28,5.1116943359375,5.37109375
75.32,4.8065185546875,4.4097900390625
75.36,4.7149658203125,4.6844482421875
75.39999999999999,4.180908203125,4.8370361328125
75.44,4.4708251953125,4.45556640625
75.47999999999999,4.45556640625,4.5928955078125
75.52,4.6234130859375,5.126953125
75.56,5.2947998046875,4.6234130859375
75.6,4.730224609375,5.218505859375
75.64,4.94384765625,5.31005859375
75.67999999999999,5.2642822265625,5.2337646484375
75.72,5.035400390625,5.462646484375
75.75999999999999,5.0811767578125,4.974365234375
75.8,5.0506591796875,4.608154296875
75.83999999999999,4.8828125,4.8675537109375
75.88,5.0048828125,4.5013427734375
75.92,4.486083984375,4.8828125
75.96,4.8828125,4.5013427734375
76.0,4.6234130859375,4.486083984375
76.03999999999999,4.8370361328125,4.8675537109375
76.08,4.974365234375,5.1422119140625
76.11999999999999,5.157470703125,4.9285888671875
76.16,5.5999755859375,5.0201416015625
76.19999999999999,5.3863525390625,5.0506591796875
76.24,4.913330078125,5.279541015625
76.28,5.37109375,4.8828125
76.32,4.486083984375,4.94384765625
76.36,4.69970703125,4.9649658203125
76.39999999999999,4.5013427734375,5.126953125
76.44,4.5013427734375,4.6844482421875
76.47999999999999,4.6539306640625,4.1961669921875
76.52,3.90625,4.57763671875
76.56,4.6844482421875,4.3792724609375
76.6,4.302978515625,4.7149658203125
76.64,4.7760009765625,4.730224609375
76.67999999999999,5.1422119140625,5.0201416015625
76.72,5.2642822265625,5.462646484375
76.75999999999999,5.4168701171875,5.157470703125
76.8,4.69970703125,5.279541015625
76.83999999999999,5.096435546875,5.4473876953125
76.88,5.035400390625,5.2032470703125
76.92,5.3253173828125,4.8980712890625
76.96,4.9285888671875,5.31005859375
77.0,5.1422119140625,4.852294921875
77.03999999999999,4.8675537109375,4.4097900390625
77.08,4.5166015625,4.6844482421875
77.11999999999999,4.69970703125,4.730224609375
77.16,4.7454833984375,4.5013427734375
77.19999999999999,4.39453125,4.5623779296875
77.24,4.9896240234375,4.8980712890625
77.28,4.6844482421875,4.8370361328125
77.32,4.6234130859375,5.06591796875
77.36,5.0506591796875,4.730224609375
77.39999999999999,4.7454833984375,5.0201416015625
77.44,4.8675537109375,5.2032470703125
77.47999999999999,4.8828125,4.8828125
77.52,5.035400390625,4.791259765625
77.56,5.2032470703125,5.2490234375
77.6,5.2642822265625,4.8980712890625
77.64,4.94384765625,5.0811767578125
77.67999999999999,5.126953125,5.31005859375
77.72,4.7454833984375,5.126953125
77.75999999999999,5.1422119140625,4.7149658203125
77.8,5.2337646484375,4.852294921875
77.83999999999999,4.5166015625,4.9896240234375
77.88,4.8980712890625,4.57763671875
77.92,4.3792724609375,4.5623779296875
77.96,4.82177734375,4.547119140625
78.0,3.997802734375,4.8065185546875
78.03999999999999,4.33349609375,4.57763671875
78.08,4.730224609375,4.302978515625
78.11999999999999,4.7454833984375,5.1422119140625
78.16,4.94384765625,4.8675537109375
78.19999999999999,4.974365234375,5.43212890625
78.24,5.2642822265625,5.3863525390625
78.28,5.126953125,5.462646484375
78.32,5.5999755859375,5.279541015625
78.36,5.401611328125,6.0882568359375
78.39999999999999,5.55419921875,5.3863525390625
78.44,5.3253173828125,5.37109375
78.47999999999999,4.8065185546875,5.096435546875
78.52,4.33349609375,4.5013427734375
78.56,4.058837890625,4.425048828125
78.6,4.4708251953125,4.1656494140625
78.64,3.875732421875,4.21142578125
78.67999999999999,4.1961669921875,4.638671875
78.72,4.5318603515625,4.82177734375
78.75999999999999,4.791259765625,4.8370361328125
78.8,4.913330078125,4.974365234375
78.83999999999999,4.7454833984375,4.791259765625
78.88,4.7607421875,5.035400390625
78.92,5.035400390625,5.126953125
78.96,5.096435546875,4.8675537109375
79.0,5.126953125,5.126953125
79.03999999999999,5.279541015625,5.5084228515625
79.08,5.2490234375,5.4168701171875
79.11999999999999,5.4931640625,5.1422119140625
79.16,5.37109375,5.2490234375
79.19999999999999,5.0201416015625,5.0506591796875
79.24,4.7454833984375,5.1116943359375
79.28,5.157470703125,4.7607421875
79.32,4.791259765625,4.852294921875
79.36,4.2877197265625,4.730224609375
79.39999999999999,4.3792724609375,4.45556640625
79.44,4.7149658203125,4.5013427734375
79.47999999999999,4.638671875,4.8980712890625
79.52,4.57763671875,4.8370361328125
79.56,4.8828125,4.608154296875
79.6,4.8675537109375,4.8675537109375
79.64,5.37109375,4.8980712890625
79.67999999999999,4.7454833984375,5.401611328125
79.72,5.340576171875,5.340576171875
79.75999999999999,4.7760009765625,5.3863525390625
79.8,4.638671875,4.9591064453125
79.83999999999999,5.096435546875,5.0506591796875
79.88,4.94384765625,4.8828125
79.92,4.9896240234375,4.6234130859375
79.96,5.035400390625,4.82177734375
80.0,5.1727294921875,4.5928955078125
80.03999999999999,5.1116943359375,4.82177734375
80.08,4.6234130859375,5.0506591796875
80.11999999999999,4.852294921875,5.0048828125
80.16,4.486083984375,4.8828125
80.19999999999999,4.425048828125,4.7760009765625
80.24,4.8370361328125,5.401611328125
80.28,4.608154296875,4.669189453125
80.32,4.5928955078125,5.4473876953125
80.36,4.6844482421875,4.7149658203125
80.39999999999999,4.6844482421875,4.7149658203125
80.44,5.3558349609375,4.486083984375
80.47999999999999,5.2337646484375,4.7149658203125
80.52,5.1116943359375,4.974365234375
80.56,5.06591796875,4.669189453125
80.6,4.913330078125,5.2032470703125
80.64,5.4168701171875,4.180908203125
80.67999999999999,5.2947998046875,4.5166015625
80.72,4.9896240234375,4.82177734375
80.75999999999999,5.2642822265625,4.791259765625
80.8,5.523681640625,4.547119140625
80.83999999999999,5.31005859375,4.669189453125
80.88,4.5318603515625,5.2032470703125
80.92,4.7760009765625,4.9896240234375
80.96,5.4473876953125,4.669189453125
81.0,5.767822265625,4.8065185546875
81.03999999999999,4.82177734375,4.5013427734375
81.08,4.69970703125,4.974365234375
81.11999999999999,4.8370361328125,4.6234130859375
81.16,4.5623779296875,4.5928955078125
81.19999999999999,4.2572021484375,5.126953125
81.24,4.2877197265625,4.9591064453125
81.28,4.3182373046875,4.9285888671875
81.32,4.94384765625,4.7149658203125
81.36,5.218505859375,4.974365234375
81.39999999999999,5.4931640625,4.9591064453125
81.44,4.7607421875,5.6915283203125
81.47999999999999,4.5928955078125,5.7830810546875
81.52,4.7149658203125,5.4779052734375
81.56,4.94384765625,5.279541015625
81.6,5.279541015625,4.9896240234375
81.64,4.8980712890625,5.1116943359375
81.67999999999999,4.4403076171875,5.1116943359375
81.72,5.096435546875,5.2337646484375
81.75999999999999,5.523681640625,4.791259765625
81.8,4.974365234375,4.302978515625
81.83999999999999,5.0201416015625,4.3487548828125
81.88,4.33349609375,4.4403076171875
81.92,4.364013671875,5.0201416015625
81.96,4.4097900390625,5.0506591796875
82.0,5.2642822265625,4.1046142578125
82.03999999999999,5.4168701171875,3.9520263671875
82.08,5.157470703125,4.69970703125
82.11999999999999,4.3487548828125,5.0811767578125
82.16,5.035400390625,5.096435546875
82.19999999999999,5.3558349609375,4.852294921875
82.24,5.706787109375,5.4168701171875
82.28,5.43212890625,4.8065185546875
82.32,5.5389404296875,4.69970703125
82.36,5.279541015625,4.8370361328125
82.39999999999999,5.157470703125,4.7454833984375
82.44,4.8370361328125,4.8828125
82.47999999999999,4.8980712890625,4.7454833984375
82.52,4.33349609375,4.7454833984375
82.56,4.3487548828125,5.3558349609375
82.6,4.7454833984375,5.06591796875
82.64,4.6844482421875,5.1116943359375
82.67999999999999,5.0201416015625,5.06591796875
82.72,4.8370361328125,4.9285888671875
82.75999999999999,4.7454833984375,4.1351318359375
82.8,5.1116943359375,4.8370361328125
82.83999999999999,4.9285888671875,4.9896240234375
82.88,4.4708251953125,5.5389404296875
82.92,4.6844482421875,5.1116943359375
82.96,5.1116943359375,5.2032470703125
83.0,5.0048828125,4.9285888671875
83.03999999999999,4.302978515625,4.8980712890625
83.08,4.57763671875,4.9591064453125
83.11999999999999,4.638671875,5.706787109375
83.16,4.364013671875,5.1116943359375
83.19999999999999,4.8065185546875,4.69970703125
83.24,5.2337646484375,4.6844482421875
83.28,5.2337646484375,4.5166015625
83.32,5.18798828125,4.7607421875
83.36,4.9591064453125,5.0048828125
83.39999999999999,4.94384765625,5.279541015625
83.44,5.3558349609375,4.7760009765625
83.47999999999999,5.0506591796875,4.8675537109375
83.52,4.4708251953125,5.218505859375
83.56,4.364013671875,5.4931640625
83.6,4.302978515625,5.1422119140625
83.64,4.638671875,4.730224609375
83.67999999999999,5.157470703125,4.638671875
83.72,4.9285888671875,4.302978515625
83.75999999999999,4.69970703125,4.8370361328125
83.8,4.5166015625,5.279541015625
83.83999999999999,4.45556640625,5.4473876953125
83.88,4.638671875,5.279541015625
83.92,4.7454833984375,5.31005859375
